Element,Symbol,Type,At_No,r_A,r_cov,EN_Pauling,EN_Allen,VEC,density,Tm,Work_Function,n_WS,V_m,R_P,E_GPa,G_GPa,H_Vick,Coh_E,Bulk_Mod,Compressibility,cry_str
Lithium,Li,non_transition,3,1.52,1.3,0.98,0.91,1,0.53,453.5,2.85,0.94,13,0,11.5,4.24,0,1.63,0.116,8.62,bcc
Beryllium,Be,non_transition,4,1.13,0.99,1.57,1.58,2,1.85,1560,5.05,4.66,4.9,0.4,286,133,1670,3.32,1.003,0.997,hcp
Boron,B,non_transition,5,0.82,0.84,2.04,2.05,3,2.34,2350,5.3,5.36,4.7,1.9,178,0,4900,5.81,1.78,0.562,rhomb
Carbon,C,non_transition,6,0.77,0.75,2.55,2.54,4,2.2,4098,6.24,5.55,3.26,2.1,0,0,0,7.37,4.43,0.226,dia
Nitrogen,N,non_transition,7,0.75,0.71,3.04,3.07,5,0,63,6.86,4.49,4.1,2.3,0,0,0,4.92,0.012,80,cub
Sodium,Na,non_transition,11,1.86,1.6,0.93,0.87,1,0.97,370.79,2.7,0.55,23.78,0,6.8,2.94,0,1.113,0.068,14.7,bcc
Magnesium,Mg,non_transition,12,1.6,1.4,1.31,1.29,2,1.74,923,3.45,1.6,14,0.4,44.4,16.9,260,1.51,0.354,2.82,hcp
Aluminum,Al,non_transition,13,1.43,1.24,1.61,1.61,3,2.7,933.32,4.2,2.7,10,1.9,70.2,27.8,167,3.39,0.722,1.385,fcc
Silicon,Si,non_transition,14,1.15,1.14,1.9,1.92,4,2.33,1687,4.7,3.38,8.6,2.1,112,80.5,2350,4.63,0.988,1.012,dia
Phosphorus,P,non_transition,15,1.06,1.09,2.19,2.25,5,1.82,317.15,5.55,4.49,8.6,2.3,30.4,0,0,3.43,0.304,3.29,complex
Potassium,K,non_transition,19,2.31,2,0.82,0.73,1,0.89,336.5,2.25,0.27,45.63,0,3.52,1.28,0,0.934,0.032,31,bcc
Calcium,Ca,transition,20,1.98,1.74,1,1.03,2,1.54,1115,2.55,0.75,26.2,0.4,19.6,7.85,130,1.84,0.152,6.58,fcc
Scandium,Sc,transition,21,1.64,1.59,1.36,1.19,3,2.99,1814,3.25,2.05,15.03,0.7,75.2,29.7,350,3.9,0.435,2.3,hcp
Titanium,Ti,transition,22,1.46,1.48,1.54,1.38,4,4.51,1943,3.8,3.51,10.58,1,102,37.3,2750,4.85,1.051,0.951,hcp
Vanadium,V,transition,23,1.32,1.44,1.63,1.53,5,6,2183,4.25,4.41,8.36,1,127,46.6,630,5.31,1.619,0.618,bcc
Chromium,Cr,transition,24,1.25,1.3,1.66,1.65,6,7.15,2180,4.65,5.18,7.23,1,145,71.6,1060,4.1,1.901,0.526,bcc
Manganese,Mn,transition,25,1.35,1.29,1.55,1.75,7,7.3,1519,4.45,4.17,7.35,1,196,79.4,9.81,2.92,0.596,1.68,cubic complex
Iron,Fe,transition,26,1.24,1.24,1.83,1.8,8,7.87,1811,4.93,5.55,7.09,1,211,80.4,608,4.28,1.683,0.594,bcc
Cobalt,Co,transition,27,1.25,1.18,1.88,1.84,9,8.86,1768,5.1,5.36,6.7,1,204,77.3,1043,4.39,1.914,0.522,hcp
Nickel,Ni,transition,28,1.25,1.17,1.91,1.88,10,8.9,1728,5.2,5.36,6.6,1,220,78.5,640,4.44,1.86,0.538,fcc
Copper,Cu,transition,29,1.28,1.22,1.9,1.85,11,8.96,1357.62,4.45,3.18,7.12,0.3,128,46.8,369,3.49,1.37,0.73,fcc
Zinc,Zn,non_transition,30,1.4,1.2,1.65,1.59,12,7.13,692.53,4.1,2.3,9.17,1.4,92.7,34.3,337,1.35,0.598,1.67,hcp
Gallium,Ga,non_transition,31,1.39,1.23,1.81,1.76,3,5.91,302.76,4.1,2.25,11.82,1.9,9.81,6.67,0,2.81,0.569,1.76,complex
Germanium,Ge,non_transition,32,1.24,1.2,2.01,1.99,4,5.32,1211.25,4.55,2.57,9.87,2.1,74.9,79.9,0,3.85,0.772,1.29,dia
Rubidium,Rb,non_transition,37,2.44,2.15,0.82,0.71,1,1.53,312.3,2.1,0.22,56.07,0,2.35,0.91,0.37,0.852,0.031,32,bcc
Strontium,Sr,transition,38,2.15,1.9,0.95,0.96,2,2.64,1050,2.4,0.59,33.93,0.4,15.7,6.03,140,1.72,0.116,8.62,fcc
Yttrium,Y,transition,39,1.8,1.76,1.22,1.12,3,4.47,1795,3.2,1.77,19.9,0.7,66.3,25.5,40,4.37,0.366,2.73,hcp
Zirconium,Zr,transition,40,1.6,1.64,1.33,1.32,4,6.52,2127,3.45,2.8,14,1,68,24.8,903,6.25,0.833,1.2,hcp
Niobium,Nb,transition,41,1.43,1.56,1.6,1.41,5,8.57,2750,4.05,4.41,10.8,1,104,59.5,160,7.57,1.702,0.587,bcc
Molybdenum,Mo,transition,42,1.36,1.46,2.16,1.47,6,10.2,2895,4.65,5.55,9.4,1,330,123,280,6.82,2.725,0.366,bcc
Technetium,Tc,transition,43,1.36,1.38,1.9,1.51,7,11,2430,5.3,5.93,8.64,1,407,162,1.5,6.85,2.97,0.34,hcp
Ruthenium,Ru,transition,44,1.34,1.36,2.2,1.54,8,12.1,2606,5.4,6.13,8.2,1,432,173,3500,6.74,3.208,0.311,hcp
Rhodium,Rh,transition,45,1.35,1.34,2.28,1.56,9,12.4,2236,5.4,5.45,8.3,0,379,149,1246,5.75,2.704,0.369,fcc
Palladium,Pd,transition,46,1.38,1.3,2.2,1.58,10,12,1827.8,5.45,4.66,8.9,1,0,0,0,3.89,1.808,0.553,fcc
Silver,Ag,transition,47,1.45,1.36,1.93,1.87,11,10.5,1234.78,4.35,2.52,10.25,0.15,80,29.5,251,2.95,1.007,0.993,fcc
Cadmium,Cd,non_transition,48,1.57,1.4,1.69,1.52,12,8.69,594.07,4.05,1.91,13,1.4,62.3,24.5,210,1.16,0.467,2.14,hcp
Indium,In,non_transition,49,1.66,1.42,1.78,1.66,3,7.31,429.6,3.9,1.6,15.75,1.9,10.6,3.68,0,2.52,0.411,2.43,tetra
Tin,Sn,non_transition,50,1.62,1.4,1.96,1.82,4,7.29,504.93,4.15,1.9,16.3,2.1,56.6,52.9,70,3.14,1.11,0.901,dia
Cesium,Cs,non_transition,55,2.65,2.38,0.79,0.66,1,1.87,301.5,1.95,0.17,69.23,0,1.69,0.65,0.15,0.804,0.02,50,bcc
Barium,Ba,transition,56,2.18,2.06,0.89,0.88,2,3.62,1000,2.32,0.53,38.1,0.4,12.8,4.84,42,1.9,0.103,9.97,bcc
Lanthanum,La,transition,57,1.88,1.94,1.1,0,3,6.15,1193,3.17,1.64,22.25,0.7,39.2,14.9,491,4.47,0.243,4.12,hex
Cerium,Ce,0,58,1.83,1.84,1.12,0,3,6.77,1072,3.18,1.69,21.62,0,44.1,12.1,275,4.32,0.239,4.18,fcc
Praseodymium,Pr,0,59,1.65,1.9,1.13,0,3,6.77,1204,3.19,1.73,20.79,0,35.2,13.2,400,3.7,0.306,3.27,hex
Neodymium,Nd,0,60,1.64,1.88,1.14,0,3,7.01,1289,3.19,1.73,20.58,0,37.9,14.3,348,3.4,0.327,3.06,hex
Promethium,Pm,0,61,1.63,1.86,1.13,0,3,7.26,1315,3.19,1.77,20.25,0,46,18,0,0,0.35,2.85,0
Samarium,Sm,0,62,1.81,1.85,1.17,0,3,7.52,1345,3.2,1.77,20.01,0,53.9,12.7,412,2.14,0.294,3.4,complex
Europium,Eu,0,63,1.98,1.83,1.2,0,3,5.24,1095,3.2,1.77,19.97,0,18.2,7.8,167,1.86,0.147,6.8,bcc
Gadolinium,Gd,0,64,1.8,1.82,1.2,0,3,7.9,1586,3.2,1.77,19.9,0,56.3,22.4,574,4.14,0.383,2.61,hcp
Terbium,Tb,0,65,1.78,1.81,1.1,0,3,8.23,1632,3.21,1.82,19.32,0,57.5,22.8,863,4.05,0.399,2.51,hcp
Dysprosium,Dy,0,66,1.77,1.8,1.22,0,3,8.55,1685,3.21,1.82,19,0,63.1,25.5,544,3.04,0.384,2.6,hcp
Holmium,Ho,0,67,1.77,1.79,1.23,0,3,8.8,1745,3.22,1.82,18.76,0,67.1,26.7,481,3.14,0.397,2.52,hcp
Erbium,Er,0,68,1.76,1.77,1.24,0,3,9.07,1802,3.22,1.86,18.45,0,73.3,29.6,589,3.29,0.411,2.43,hcp
Thulium,Tm,0,69,1.56,1.77,1.25,0,3,9.32,1818,3.22,1.86,18.12,0,74,30.4,520,2.42,0.397,2.52,hcp
Ytterbium,Yb,0,70,1.7,1.78,1.1,0,3,6.9,1097,3.22,1.86,17.97,0,18.4,7.16,206,1.6,0.133,7.52,fcc
Lutetium,Lu,0,71,1.74,1.74,1.27,1.09,3,9.84,1936,3.22,1.91,17.77,0,68.4,27.1,1160,4.43,0.411,2.43,hcp
Hafnium,Hf,transition,72,1.58,1.64,1.3,1.16,4,13.3,2506,3.6,3.05,13.45,1,138,53,1760,6.44,1.09,0.92,hcp
Tantalum,Ta,transition,73,1.43,1.58,1.5,1.34,5,16.4,3290,4.05,4.33,10.81,1,185,64.7,190,8.1,2,0.5,bcc
Tungsten,W,transition,74,1.37,1.5,2.36,1.47,6,19.3,3687,4.8,5.93,9.55,1,407,152,480,8.9,3.232,0.309,bcc
Rhenium,Re,transition,75,1.38,1.41,1.9,1.6,7,20.8,3458,5.2,6.33,8.85,1,520,180,5,8.03,3.72,0.269,hcp
Osmium,Os,transition,76,1.35,1.36,2.2,1.65,8,22.59,3306,5.4,6.33,8.45,1,559,223,800,8.17,4.18,0.24,hcp
Iridium,Ir,transition,77,1.36,1.32,2.2,1.68,9,22.56,2719,5.55,6.13,8.52,1,528,209,1760,6.94,3.55,0.282,fcc
Platinum,Pt,transition,78,1.39,1.3,2.28,1.72,10,21.5,2041.2,5.65,5.64,9.1,1,170,60.9,560,5.84,2.783,0.359,fcc
Gold,Au,transition,79,1.44,1.3,2.54,1.92,11,19.3,1337.18,5.15,3.87,10.2,0.3,78,26,216,3.81,1.732,0.577,fcc
Thallium,Tl,non_transition,81,1.72,1.44,1.62,1.79,3,11.8,577,3.9,1.4,17.23,1.9,7.89,2.67,9,1.88,0.359,2.79,hcp
Lead,Pb,non_transition,82,1.75,1.45,2.33,1.85,4,11.3,600.46,4.1,1.52,18.28,2.1,15.8,5.54,39,2.03,0.43,2.33,fcc
Thorium,Th,transition,90,1.8,1.9,1.3,0,3,11.7,2023,3.3,2.1,19.8,0.7,0,0,0,6.2,0.543,1.84,fcc
Uranium,U,transition,92,1.42,1.83,1.38,0,3,19.1,1408,3.9,3.44,13.15,1,0,0,0,5.55,0.987,1.01,complex
Vacancy,Va,0,0,0,0,0,0,0,0,0,0,2.9,10,0,0,0,0,0,0,0,0
